<?xml version="1.0" encoding="utf-16"?>
<Patients>
  <Patient Gender="female">
    <Name>Borislava Kostova</Name>
    <AgeGroup>Adult</AgeGroup>
    <Medicines>
      <Medicine>
        <Name>Ciprofloxacin</Name>
        <Price>19.20</Price>
        <Producer>ReliefMed Labs</Producer>
        <BestBefore>2025-07-22</BestBefore>
      </Medicine>
      <Medicine>
        <Name>Alprazolam</Name>
        <Price>23.50</Price>
        <Producer>GeneriCare Pharmaceuticals</Producer>
        <BestBefore>2025-04-18</BestBefore>
      </Medicine>
      <Medicine>
        <Name>Chlorhexidine</Name>
        <Price>9.80</Price>
        <Producer>Central Pharma</Producer>
        <BestBefore>2024-03-30</BestBefore>
      </Medicine>
      <Medicine>
        <Name>Lorazepam</Name>
        <Price>26.50</Price>
        <Producer>Central Pharma</Producer>
        <BestBefore>2023-04-22</BestBefore>
      </Medicine>
    </Medicines>
  </Patient>
  <Patient Gender="female">
    <Name>Stafaniya Angelova</Name>
    <AgeGroup>Adult</AgeGroup>
    <Medicines>
      <Medicine>
        <Name>Ibuprofen</Name>
        <Price>8.50</Price>
        <Producer>ReliefMed Labs</Producer>
        <BestBefore>2025-02-10</BestBefore>
      </Medicine>
      <Medicine>
        <Name>Clonazepam</Name>
        <Price>21.30</Price>
        <Producer>NextGen Pharma</Producer>
        <BestBefore>2023-02-07</BestBefore>
      </Medicine>
      <Medicine>
        <Name>Flu Vaccine</Name>
        <Price>15.00</Price>
        <Producer>ReliefMed Labs</Producer>
        <BestBefore>2023-02-01</BestBefore>
      </Medicine>
      <Medicine>
        <Name>Oxazepam</Name>
        <Price>22.75</Price>
        <Producer>NextGen Pharma</Producer>
        <BestBefore>2023-01-15</BestBefore>
      </Medicine>
    </Medicines>
  </Patient>
  <Patient Gender="male">
    <Name>Stanimir Pavlov</Name>
    <AgeGroup>Adult</AgeGroup>
    <Medicines>
      <Medicine>
        <Name>Tetracycline</Name>
        <Price>17.40</Price>
        <Producer>GeneriCare Pharmaceuticals</Producer>
        <BestBefore>2024-05-22</BestBefore>
      </Medicine>
      <Medicine>
        <Name>Tetanus Vaccine</Name>
        <Price>14.50</Price>
        <Producer>ReliefMed Labs</Producer>
        <BestBefore>2023-10-05</BestBefore>
      </Medicine>
      <Medicine>
        <Name>Lorazepam</Name>
        <Price>25.30</Price>
        <Producer>Central Pharma</Producer>
        <BestBefore>2023-03-20</BestBefore>
      </Medicine>
      <Medicine>
        <Name>Flu Vaccine</Name>
        <Price>15.00</Price>
        <Producer>ReliefMed Labs</Producer>
        <BestBefore>2023-02-01</BestBefore>
      </Medicine>
    </Medicines>
  </Patient>
  <Patient Gender="male">
    <Name>Svetoslav Todorov</Name>
    <AgeGroup>Adult</AgeGroup>
    <Medicines>
      <Medicine>
        <Name>Ciprofloxacin</Name>
        <Price>19.20</Price>
        <Producer>ReliefMed Labs</Producer>
        <BestBefore>2025-07-22</BestBefore>
      </Medicine>
      <Medicine>
        <Name>Ibuprofen</Name>
        <Price>8.50</Price>
        <Producer>ReliefMed Labs</Producer>
        <BestBefore>2025-02-10</BestBefore>
      </Medicine>
      <Medicine>
        <Name>Chlorhexidine</Name>
        <Price>9.80</Price>
        <Producer>Central Pharma</Producer>
        <BestBefore>2024-03-30</BestBefore>
      </Medicine>
      <Medicine>
        <Name>Flu Vaccine</Name>
        <Price>15.00</Price>
        <Producer>ReliefMed Labs</Producer>
        <BestBefore>2023-02-01</BestBefore>
      </Medicine>
    </Medicines>
  </Patient>
  <Patient Gender="male">
    <Name>Anton Popov</Name>
    <AgeGroup>Adult</AgeGroup>
    <Medicines>
      <Medicine>
        <Name>Ibuprofen</Name>
        <Price>8.50</Price>
        <Producer>ReliefMed Labs</Producer>
        <BestBefore>2025-02-10</BestBefore>
      </Medicine>
      <Medicine>
        <Name>Lorazepam</Name>
        <Price>26.50</Price>
        <Producer>Central Pharma</Producer>
        <BestBefore>2023-04-22</BestBefore>
      </Medicine>
      <Medicine>
        <Name>Flu Vaccine</Name>
        <Price>15.00</Price>
        <Producer>ReliefMed Labs</Producer>
        <BestBefore>2023-02-01</BestBefore>
      </Medicine>
    </Medicines>
  </Patient>
  <Patient Gender="male">
    <Name>Dimitar Stoyanov</Name>
    <AgeGroup>Senior</AgeGroup>
    <Medicines>
      <Medicine>
        <Name>Alprazolam</Name>
        <Price>23.50</Price>
        <Producer>GeneriCare Pharmaceuticals</Producer>
        <BestBefore>2025-04-18</BestBefore>
      </Medicine>
      <Medicine>
        <Name>Hepatitis B Vaccine</Name>
        <Price>20.00</Price>
        <Producer>HealthCare Pharma</Producer>
        <BestBefore>2023-06-14</BestBefore>
      </Medicine>
      <Medicine>
        <Name>Lorazepam</Name>
        <Price>26.50</Price>
        <Producer>Central Pharma</Producer>
        <BestBefore>2023-04-22</BestBefore>
      </Medicine>
    </Medicines>
  </Patient>
  <Patient Gender="male">
    <Name>Georgi Dimitrov</Name>
    <AgeGroup>Child</AgeGroup>
    <Medicines>
      <Medicine>
        <Name>Ibuprofen</Name>
        <Price>8.50</Price>
        <Producer>ReliefMed Labs</Producer>
        <BestBefore>2025-02-10</BestBefore>
      </Medicine>
      <Medicine>
        <Name>Penicillin</Name>
        <Price>22.00</Price>
        <Producer>Central Pharma</Producer>
        <BestBefore>2024-05-15</BestBefore>
      </Medicine>
      <Medicine>
        <Name>Lorazepam</Name>
        <Price>25.30</Price>
        <Producer>Central Pharma</Producer>
        <BestBefore>2023-03-20</BestBefore>
      </Medicine>
    </Medicines>
  </Patient>
  <Patient Gender="male">
    <Name>Georgi Ivanov</Name>
    <AgeGroup>Adult</AgeGroup>
    <Medicines>
      <Medicine>
        <Name>Lorazepam</Name>
        <Price>26.50</Price>
        <Producer>Central Pharma</Producer>
        <BestBefore>2023-04-22</BestBefore>
      </Medicine>
      <Medicine>
        <Name>Flu Vaccine</Name>
        <Price>16.00</Price>
        <Producer>HealthCare Pharma</Producer>
        <BestBefore>2023-03-01</BestBefore>
      </Medicine>
      <Medicine>
        <Name>Clonazepam</Name>
        <Price>21.30</Price>
        <Producer>NextGen Pharma</Producer>
        <BestBefore>2023-02-07</BestBefore>
      </Medicine>
    </Medicines>
  </Patient>
  <Patient Gender="male">
    <Name>Georgi Todorov</Name>
    <AgeGroup>Adult</AgeGroup>
    <Medicines>
      <Medicine>
        <Name>Ibuprofen</Name>
        <Price>8.50</Price>
        <Producer>ReliefMed Labs</Producer>
        <BestBefore>2025-02-10</BestBefore>
      </Medicine>
      <Medicine>
        <Name>Clonazepam</Name>
        <Price>21.30</Price>
        <Producer>NextGen Pharma</Producer>
        <BestBefore>2023-02-07</BestBefore>
      </Medicine>
      <Medicine>
        <Name>Oxazepam</Name>
        <Price>22.75</Price>
        <Producer>NextGen Pharma</Producer>
        <BestBefore>2023-01-15</BestBefore>
      </Medicine>
    </Medicines>
  </Patient>
  <Patient Gender="male">
    <Name>Ivan Angelov</Name>
    <AgeGroup>Adult</AgeGroup>
    <Medicines>
      <Medicine>
        <Name>Ciprofloxacin</Name>
        <Price>19.20</Price>
        <Producer>ReliefMed Labs</Producer>
        <BestBefore>2025-07-22</BestBefore>
      </Medicine>
      <Medicine>
        <Name>Chlorhexidine</Name>
        <Price>9.80</Price>
        <Producer>Central Pharma</Producer>
        <BestBefore>2024-03-30</BestBefore>
      </Medicine>
      <Medicine>
        <Name>Flu Vaccine</Name>
        <Price>15.00</Price>
        <Producer>ReliefMed Labs</Producer>
        <BestBefore>2023-02-01</BestBefore>
      </Medicine>
    </Medicines>
  </Patient>
  <Patient Gender="male">
    <Name>Kaloyan Mihaylov</Name>
    <AgeGroup>Adult</AgeGroup>
    <Medicines>
      <Medicine>
        <Name>Aspirin</Name>
        <Price>8.25</Price>
        <Producer>Central Pharma</Producer>
        <BestBefore>2024-07-10</BestBefore>
      </Medicine>
      <Medicine>
        <Name>Penicillin</Name>
        <Price>21.00</Price>
        <Producer>GeneriCare Pharmaceuticals</Producer>
        <BestBefore>2024-07-10</BestBefore>
      </Medicine>
      <Medicine>
        <Name>Naproxen</Name>
        <Price>10.00</Price>
        <Producer>ReliefMed Labs</Producer>
        <BestBefore>2023-09-09</BestBefore>
      </Medicine>
    </Medicines>
  </Patient>
  <Patient Gender="male">
    <Name>Lyubomir Vasilev</Name>
    <AgeGroup>Adult</AgeGroup>
    <Medicines>
      <Medicine>
        <Name>Penicillin</Name>
        <Price>21.00</Price>
        <Producer>GeneriCare Pharmaceuticals</Producer>
        <BestBefore>2024-07-10</BestBefore>
      </Medicine>
      <Medicine>
        <Name>MMR Vaccine</Name>
        <Price>22.00</Price>
        <Producer>HealthCare Pharma</Producer>
        <BestBefore>2023-08-14</BestBefore>
      </Medicine>
      <Medicine>
        <Name>Lorazepam</Name>
        <Price>26.50</Price>
        <Producer>Central Pharma</Producer>
        <BestBefore>2023-04-22</BestBefore>
      </Medicine>
    </Medicines>
  </Patient>
  <Patient Gender="male">
    <Name>Petar Georgiev</Name>
    <AgeGroup>Child</AgeGroup>
    <Medicines>
      <Medicine>
        <Name>Paracetamol</Name>
        <Price>9.50</Price>
        <Producer>Central Pharma</Producer>
        <BestBefore>2025-03-01</BestBefore>
      </Medicine>
      <Medicine>
        <Name>Diazepam</Name>
        <Price>18.75</Price>
        <Producer>HealthCare Pharma</Producer>
        <BestBefore>2024-01-20</BestBefore>
      </Medicine>
      <Medicine>
        <Name>Lorazepam</Name>
        <Price>25.30</Price>
        <Producer>Central Pharma</Producer>
        <BestBefore>2023-03-20</BestBefore>
      </Medicine>
    </Medicines>
  </Patient>
  <Patient Gender="male">
    <Name>Yavor Dimitrov</Name>
    <AgeGroup>Adult</AgeGroup>
    <Medicines>
      <Medicine>
        <Name>Azithromycin</Name>
        <Price>18.20</Price>
        <Producer>GeneriCare Pharmaceuticals</Producer>
        <BestBefore>2024-06-20</BestBefore>
      </Medicine>
      <Medicine>
        <Name>Flu Vaccine</Name>
        <Price>16.00</Price>
        <Producer>HealthCare Pharma</Producer>
        <BestBefore>2023-03-01</BestBefore>
      </Medicine>
      <Medicine>
        <Name>Oxazepam</Name>
        <Price>22.75</Price>
        <Producer>NextGen Pharma</Producer>
        <BestBefore>2023-01-15</BestBefore>
      </Medicine>
    </Medicines>
  </Patient>
  <Patient Gender="male">
    <Name>Zdravko Kolev</Name>
    <AgeGroup>Adult</AgeGroup>
    <Medicines>
      <Medicine>
        <Name>Azithromycin</Name>
        <Price>18.20</Price>
        <Producer>GeneriCare Pharmaceuticals</Producer>
        <BestBefore>2024-06-20</BestBefore>
      </Medicine>
      <Medicine>
        <Name>Tetanus Vaccine</Name>
        <Price>14.50</Price>
        <Producer>ReliefMed Labs</Producer>
        <BestBefore>2023-10-05</BestBefore>
      </Medicine>
      <Medicine>
        <Name>MMR Vaccine</Name>
        <Price>22.00</Price>
        <Producer>HealthCare Pharma</Producer>
        <BestBefore>2023-08-14</BestBefore>
      </Medicine>
    </Medicines>
  </Patient>
  <Patient Gender="female">
    <Name>Anastasiya Ilieva</Name>
    <AgeGroup>Child</AgeGroup>
    <Medicines>
      <Medicine>
        <Name>Zolpidem</Name>
        <Price>19.95</Price>
        <Producer>Central Pharma</Producer>
        <BestBefore>2025-06-20</BestBefore>
      </Medicine>
      <Medicine>
        <Name>Tetanus Vaccine</Name>
        <Price>14.50</Price>
        <Producer>ReliefMed Labs</Producer>
        <BestBefore>2023-10-05</BestBefore>
      </Medicine>
    </Medicines>
  </Patient>
  <Patient Gender="male">
    <Name>Angel Karaivanov</Name>
    <AgeGroup>Adult</AgeGroup>
    <Medicines>
      <Medicine>
        <Name>Ibuprofen</Name>
        <Price>8.50</Price>
        <Producer>ReliefMed Labs</Producer>
        <BestBefore>2025-02-10</BestBefore>
      </Medicine>
      <Medicine>
        <Name>Flu Vaccine</Name>
        <Price>15.00</Price>
        <Producer>ReliefMed Labs</Producer>
        <BestBefore>2023-02-01</BestBefore>
      </Medicine>
    </Medicines>
  </Patient>
  <Patient Gender="male">
    <Name>Boyan Dimitrov</Name>
    <AgeGroup>Adult</AgeGroup>
    <Medicines>
      <Medicine>
        <Name>Chlorhexidine</Name>
        <Price>10.50</Price>
        <Producer>ReliefMed Labs</Producer>
        <BestBefore>2024-04-30</BestBefore>
      </Medicine>
      <Medicine>
        <Name>Lorazepam</Name>
        <Price>26.50</Price>
        <Producer>Central Pharma</Producer>
        <BestBefore>2023-04-22</BestBefore>
      </Medicine>
    </Medicines>
  </Patient>
  <Patient Gender="female">
    <Name>Denitsa Hristova</Name>
    <AgeGroup>Child</AgeGroup>
    <Medicines>
      <Medicine>
        <Name>Zolpidem</Name>
        <Price>19.95</Price>
        <Producer>Central Pharma</Producer>
        <BestBefore>2025-06-20</BestBefore>
      </Medicine>
      <Medicine>
        <Name>Azithromycin</Name>
        <Price>18.20</Price>
        <Producer>GeneriCare Pharmaceuticals</Producer>
        <BestBefore>2024-06-20</BestBefore>
      </Medicine>
    </Medicines>
  </Patient>
  <Patient Gender="male">
    <Name>Dragomir Angelov</Name>
    <AgeGroup>Adult</AgeGroup>
    <Medicines>
      <Medicine>
        <Name>Ibuprofen</Name>
        <Price>8.50</Price>
        <Producer>ReliefMed Labs</Producer>
        <BestBefore>2025-02-10</BestBefore>
      </Medicine>
      <Medicine>
        <Name>Flu Vaccine</Name>
        <Price>15.00</Price>
        <Producer>ReliefMed Labs</Producer>
        <BestBefore>2023-02-01</BestBefore>
      </Medicine>
    </Medicines>
  </Patient>
  <Patient Gender="female">
    <Name>Ekaterina Vasileva</Name>
    <AgeGroup>Senior</AgeGroup>
    <Medicines>
      <Medicine>
        <Name>Alprazolam</Name>
        <Price>23.50</Price>
        <Producer>GeneriCare Pharmaceuticals</Producer>
        <BestBefore>2025-04-18</BestBefore>
      </Medicine>
      <Medicine>
        <Name>Lorazepam</Name>
        <Price>26.50</Price>
        <Producer>Central Pharma</Producer>
        <BestBefore>2023-04-22</BestBefore>
      </Medicine>
    </Medicines>
  </Patient>
  <Patient Gender="female">
    <Name>Elitsa Kirilova</Name>
    <AgeGroup>Senior</AgeGroup>
    <Medicines>
      <Medicine>
        <Name>Aspirin</Name>
        <Price>8.25</Price>
        <Producer>Central Pharma</Producer>
        <BestBefore>2024-07-10</BestBefore>
      </Medicine>
      <Medicine>
        <Name>Clonazepam</Name>
        <Price>21.30</Price>
        <Producer>NextGen Pharma</Producer>
        <BestBefore>2023-02-07</BestBefore>
      </Medicine>
    </Medicines>
  </Patient>
  <Patient Gender="female">
    <Name>Iliana Georgieva</Name>
    <AgeGroup>Adult</AgeGroup>
    <Medicines>
      <Medicine>
        <Name>Azithromycin</Name>
        <Price>18.20</Price>
        <Producer>GeneriCare Pharmaceuticals</Producer>
        <BestBefore>2024-06-20</BestBefore>
      </Medicine>
      <Medicine>
        <Name>Chlorhexidine</Name>
        <Price>10.50</Price>
        <Producer>ReliefMed Labs</Producer>
        <BestBefore>2024-04-30</BestBefore>
      </Medicine>
    </Medicines>
  </Patient>
  <Patient Gender="female">
    <Name>Ivelina Todorova</Name>
    <AgeGroup>Child</AgeGroup>
    <Medicines>
      <Medicine>
        <Name>Ibuprofen</Name>
        <Price>8.50</Price>
        <Producer>ReliefMed Labs</Producer>
        <BestBefore>2025-02-10</BestBefore>
      </Medicine>
      <Medicine>
        <Name>Lorazepam</Name>
        <Price>25.30</Price>
        <Producer>Central Pharma</Producer>
        <BestBefore>2023-03-20</BestBefore>
      </Medicine>
    </Medicines>
  </Patient>
  <Patient Gender="female">
    <Name>Maria Ivanova</Name>
    <AgeGroup>Senior</AgeGroup>
    <Medicines>
      <Medicine>
        <Name>Zolpidem</Name>
        <Price>19.95</Price>
        <Producer>Central Pharma</Producer>
        <BestBefore>2025-06-20</BestBefore>
      </Medicine>
      <Medicine>
        <Name>Tetracycline</Name>
        <Price>17.40</Price>
        <Producer>GeneriCare Pharmaceuticals</Producer>
        <BestBefore>2024-05-22</BestBefore>
      </Medicine>
    </Medicines>
  </Patient>
  <Patient Gender="male">
    <Name>Martin Georgiev</Name>
    <AgeGroup>Adult</AgeGroup>
    <Medicines>
      <Medicine>
        <Name>Tetanus Vaccine</Name>
        <Price>14.50</Price>
        <Producer>ReliefMed Labs</Producer>
        <BestBefore>2023-10-05</BestBefore>
      </Medicine>
      <Medicine>
        <Name>Lorazepam</Name>
        <Price>26.50</Price>
        <Producer>Central Pharma</Producer>
        <BestBefore>2023-04-22</BestBefore>
      </Medicine>
    </Medicines>
  </Patient>
  <Patient Gender="female">
    <Name>Mila Dimitrova</Name>
    <AgeGroup>Child</AgeGroup>
    <Medicines>
      <Medicine>
        <Name>Diazepam</Name>
        <Price>18.75</Price>
        <Producer>HealthCare Pharma</Producer>
        <BestBefore>2024-01-20</BestBefore>
      </Medicine>
      <Medicine>
        <Name>Lorazepam</Name>
        <Price>25.30</Price>
        <Producer>Central Pharma</Producer>
        <BestBefore>2023-03-20</BestBefore>
      </Medicine>
    </Medicines>
  </Patient>
  <Patient Gender="male">
    <Name>Nikolay Vasilev</Name>
    <AgeGroup>Adult</AgeGroup>
    <Medicines>
      <Medicine>
        <Name>Penicillin</Name>
        <Price>22.00</Price>
        <Producer>Central Pharma</Producer>
        <BestBefore>2024-05-15</BestBefore>
      </Medicine>
      <Medicine>
        <Name>Lorazepam</Name>
        <Price>26.50</Price>
        <Producer>Central Pharma</Producer>
        <BestBefore>2023-04-22</BestBefore>
      </Medicine>
    </Medicines>
  </Patient>
  <Patient Gender="male">
    <Name>Nikolay Zhelev</Name>
    <AgeGroup>Senior</AgeGroup>
    <Medicines>
      <Medicine>
        <Name>Meloxicam</Name>
        <Price>12.20</Price>
        <Producer>Central Pharma</Producer>
        <BestBefore>2024-07-30</BestBefore>
      </Medicine>
      <Medicine>
        <Name>Erythromycin</Name>
        <Price>16.85</Price>
        <Producer>GeneriCare Pharmaceuticals</Producer>
        <BestBefore>2024-06-10</BestBefore>
      </Medicine>
    </Medicines>
  </Patient>
  <Patient Gender="male">
    <Name>Plamen Nikolov</Name>
    <AgeGroup>Adult</AgeGroup>
    <Medicines>
      <Medicine>
        <Name>Zolpidem</Name>
        <Price>19.95</Price>
        <Producer>Central Pharma</Producer>
        <BestBefore>2025-06-20</BestBefore>
      </Medicine>
      <Medicine>
        <Name>Lorazepam</Name>
        <Price>26.50</Price>
        <Producer>Central Pharma</Producer>
        <BestBefore>2023-04-22</BestBefore>
      </Medicine>
    </Medicines>
  </Patient>
  <Patient Gender="male">
    <Name>Radoslav Dimitrov</Name>
    <AgeGroup>Adult</AgeGroup>
    <Medicines>
      <Medicine>
        <Name>Alprazolam</Name>
        <Price>23.50</Price>
        <Producer>GeneriCare Pharmaceuticals</Producer>
        <BestBefore>2025-04-18</BestBefore>
      </Medicine>
      <Medicine>
        <Name>Naproxen</Name>
        <Price>10.00</Price>
        <Producer>ReliefMed Labs</Producer>
        <BestBefore>2023-09-09</BestBefore>
      </Medicine>
    </Medicines>
  </Patient>
  <Patient Gender="male">
    <Name>Spas Ivanov</Name>
    <AgeGroup>Adult</AgeGroup>
    <Medicines>
      <Medicine>
        <Name>Meloxicam</Name>
        <Price>12.20</Price>
        <Producer>Central Pharma</Producer>
        <BestBefore>2024-07-30</BestBefore>
      </Medicine>
      <Medicine>
        <Name>Clonazepam</Name>
        <Price>21.30</Price>
        <Producer>NextGen Pharma</Producer>
        <BestBefore>2023-02-07</BestBefore>
      </Medicine>
    </Medicines>
  </Patient>
  <Patient Gender="female">
    <Name>Tsvetanka Yordanova</Name>
    <AgeGroup>Child</AgeGroup>
    <Medicines>
      <Medicine>
        <Name>Meloxicam</Name>
        <Price>12.20</Price>
        <Producer>Central Pharma</Producer>
        <BestBefore>2024-07-30</BestBefore>
      </Medicine>
      <Medicine>
        <Name>Erythromycin</Name>
        <Price>16.85</Price>
        <Producer>GeneriCare Pharmaceuticals</Producer>
        <BestBefore>2024-06-10</BestBefore>
      </Medicine>
    </Medicines>
  </Patient>
  <Patient Gender="male">
    <Name>Vasil Petrov</Name>
    <AgeGroup>Adult</AgeGroup>
    <Medicines>
      <Medicine>
        <Name>Ibuprofen</Name>
        <Price>8.50</Price>
        <Producer>ReliefMed Labs</Producer>
        <BestBefore>2025-02-10</BestBefore>
      </Medicine>
      <Medicine>
        <Name>Flu Vaccine</Name>
        <Price>15.00</Price>
        <Producer>ReliefMed Labs</Producer>
        <BestBefore>2023-02-01</BestBefore>
      </Medicine>
    </Medicines>
  </Patient>
  <Patient Gender="male">
    <Name>Vasil Petrov</Name>
    <AgeGroup>Child</AgeGroup>
    <Medicines>
      <Medicine>
        <Name>Lorazepam</Name>
        <Price>25.30</Price>
        <Producer>Central Pharma</Producer>
        <BestBefore>2023-03-20</BestBefore>
      </Medicine>
      <Medicine>
        <Name>Flu Vaccine</Name>
        <Price>15.00</Price>
        <Producer>ReliefMed Labs</Producer>
        <BestBefore>2023-02-01</BestBefore>
      </Medicine>
    </Medicines>
  </Patient>
  <Patient Gender="male">
    <Name>Viktor Popov</Name>
    <AgeGroup>Adult</AgeGroup>
    <Medicines>
      <Medicine>
        <Name>Azithromycin</Name>
        <Price>18.20</Price>
        <Producer>GeneriCare Pharmaceuticals</Producer>
        <BestBefore>2024-06-20</BestBefore>
      </Medicine>
      <Medicine>
        <Name>Tetanus Vaccine</Name>
        <Price>14.50</Price>
        <Producer>ReliefMed Labs</Producer>
        <BestBefore>2023-10-05</BestBefore>
      </Medicine>
    </Medicines>
  </Patient>
  <Patient Gender="male">
    <Name>Vladimir Kolev</Name>
    <AgeGroup>Adult</AgeGroup>
    <Medicines>
      <Medicine>
        <Name>Penicillin</Name>
        <Price>22.00</Price>
        <Producer>Central Pharma</Producer>
        <BestBefore>2024-05-15</BestBefore>
      </Medicine>
      <Medicine>
        <Name>Flu Vaccine</Name>
        <Price>16.00</Price>
        <Producer>HealthCare Pharma</Producer>
        <BestBefore>2023-03-01</BestBefore>
      </Medicine>
    </Medicines>
  </Patient>
  <Patient Gender="female">
    <Name>Yana Popova</Name>
    <AgeGroup>Child</AgeGroup>
    <Medicines>
      <Medicine>
        <Name>Paracetamol</Name>
        <Price>9.50</Price>
        <Producer>Central Pharma</Producer>
        <BestBefore>2025-03-01</BestBefore>
      </Medicine>
      <Medicine>
        <Name>Lorazepam</Name>
        <Price>25.30</Price>
        <Producer>Central Pharma</Producer>
        <BestBefore>2023-03-20</BestBefore>
      </Medicine>
    </Medicines>
  </Patient>
  <Patient Gender="male">
    <Name>Borislav Marinov</Name>
    <AgeGroup>Adult</AgeGroup>
    <Medicines>
      <Medicine>
        <Name>Lorazepam</Name>
        <Price>26.50</Price>
        <Producer>Central Pharma</Producer>
        <BestBefore>2023-04-22</BestBefore>
      </Medicine>
    </Medicines>
  </Patient>
  <Patient Gender="female">
    <Name>Desislava Marinova</Name>
    <AgeGroup>Child</AgeGroup>
    <Medicines>
      <Medicine>
        <Name>Diazepam</Name>
        <Price>18.75</Price>
        <Producer>HealthCare Pharma</Producer>
        <BestBefore>2024-01-20</BestBefore>
      </Medicine>
    </Medicines>
  </Patient>
  <Patient Gender="female">
    <Name>Elena Dimitrova</Name>
    <AgeGroup>Senior</AgeGroup>
    <Medicines>
      <Medicine>
        <Name>Azithromycin</Name>
        <Price>18.20</Price>
        <Producer>GeneriCare Pharmaceuticals</Producer>
        <BestBefore>2024-06-20</BestBefore>
      </Medicine>
    </Medicines>
  </Patient>
  <Patient Gender="female">
    <Name>Emiliya Todorova</Name>
    <AgeGroup>Senior</AgeGroup>
    <Medicines>
      <Medicine>
        <Name>Aspirin</Name>
        <Price>8.25</Price>
        <Producer>Central Pharma</Producer>
        <BestBefore>2024-07-10</BestBefore>
      </Medicine>
    </Medicines>
  </Patient>
  <Patient Gender="female">
    <Name>Iskra Ivanova</Name>
    <AgeGroup>Senior</AgeGroup>
    <Medicines>
      <Medicine>
        <Name>Azithromycin</Name>
        <Price>18.20</Price>
        <Producer>GeneriCare Pharmaceuticals</Producer>
        <BestBefore>2024-06-20</BestBefore>
      </Medicine>
    </Medicines>
  </Patient>
  <Patient Gender="male">
    <Name>Ivan Petrov</Name>
    <AgeGroup>Adult</AgeGroup>
    <Medicines>
      <Medicine>
        <Name>Oxazepam</Name>
        <Price>22.75</Price>
        <Producer>NextGen Pharma</Producer>
        <BestBefore>2023-01-15</BestBefore>
      </Medicine>
    </Medicines>
  </Patient>
  <Patient Gender="female">
    <Name>Kalina Petrova</Name>
    <AgeGroup>Child</AgeGroup>
    <Medicines>
      <Medicine>
        <Name>Diazepam</Name>
        <Price>18.75</Price>
        <Producer>HealthCare Pharma</Producer>
        <BestBefore>2024-01-20</BestBefore>
      </Medicine>
    </Medicines>
  </Patient>
  <Patient Gender="female">
    <Name>Katerina Savova</Name>
    <AgeGroup>Senior</AgeGroup>
    <Medicines>
      <Medicine>
        <Name>Paracetamol</Name>
        <Price>9.50</Price>
        <Producer>Central Pharma</Producer>
        <BestBefore>2025-03-01</BestBefore>
      </Medicine>
    </Medicines>
  </Patient>
  <Patient Gender="male">
    <Name>Krasimir Yordanov</Name>
    <AgeGroup>Adult</AgeGroup>
    <Medicines>
      <Medicine>
        <Name>MMR Vaccine</Name>
        <Price>22.00</Price>
        <Producer>HealthCare Pharma</Producer>
        <BestBefore>2023-08-14</BestBefore>
      </Medicine>
    </Medicines>
  </Patient>
  <Patient Gender="female">
    <Name>Kristina Ivanova</Name>
    <AgeGroup>Child</AgeGroup>
    <Medicines>
      <Medicine>
        <Name>Zolpidem</Name>
        <Price>19.95</Price>
        <Producer>Central Pharma</Producer>
        <BestBefore>2025-06-20</BestBefore>
      </Medicine>
    </Medicines>
  </Patient>
  <Patient Gender="female">
    <Name>Magdalena Stoyanova</Name>
    <AgeGroup>Senior</AgeGroup>
    <Medicines>
      <Medicine>
        <Name>Aspirin</Name>
        <Price>8.25</Price>
        <Producer>Central Pharma</Producer>
        <BestBefore>2024-07-10</BestBefore>
      </Medicine>
    </Medicines>
  </Patient>
  <Patient Gender="female">
    <Name>Margarita Stafanova</Name>
    <AgeGroup>Adult</AgeGroup>
    <Medicines>
      <Medicine>
        <Name>Ibuprofen</Name>
        <Price>8.50</Price>
        <Producer>ReliefMed Labs</Producer>
        <BestBefore>2025-02-10</BestBefore>
      </Medicine>
    </Medicines>
  </Patient>
  <Patient Gender="female">
    <Name>Nikolina Petrova</Name>
    <AgeGroup>Senior</AgeGroup>
    <Medicines>
      <Medicine>
        <Name>Aspirin</Name>
        <Price>8.25</Price>
        <Producer>Central Pharma</Producer>
        <BestBefore>2024-07-10</BestBefore>
      </Medicine>
    </Medicines>
  </Patient>
  <Patient Gender="female">
    <Name>Radina Kostova</Name>
    <AgeGroup>Child</AgeGroup>
    <Medicines>
      <Medicine>
        <Name>Ibuprofen</Name>
        <Price>8.50</Price>
        <Producer>ReliefMed Labs</Producer>
        <BestBefore>2025-02-10</BestBefore>
      </Medicine>
    </Medicines>
  </Patient>
  <Patient Gender="male">
    <Name>Radoslav Mihaylov</Name>
    <AgeGroup>Adult</AgeGroup>
    <Medicines>
      <Medicine>
        <Name>Lorazepam</Name>
        <Price>26.50</Price>
        <Producer>Central Pharma</Producer>
        <BestBefore>2023-04-22</BestBefore>
      </Medicine>
    </Medicines>
  </Patient>
  <Patient Gender="female">
    <Name>Rositsa Hristova</Name>
    <AgeGroup>Senior</AgeGroup>
    <Medicines>
      <Medicine>
        <Name>Oxazepam</Name>
        <Price>22.75</Price>
        <Producer>NextGen Pharma</Producer>
        <BestBefore>2023-01-15</BestBefore>
      </Medicine>
    </Medicines>
  </Patient>
  <Patient Gender="male">
    <Name>Stoyan Petrov</Name>
    <AgeGroup>Senior</AgeGroup>
    <Medicines>
      <Medicine>
        <Name>Aspirin</Name>
        <Price>8.25</Price>
        <Producer>Central Pharma</Producer>
        <BestBefore>2024-07-10</BestBefore>
      </Medicine>
    </Medicines>
  </Patient>
  <Patient Gender="female">
    <Name>Svetla Petrova</Name>
    <AgeGroup>Senior</AgeGroup>
    <Medicines>
      <Medicine>
        <Name>Aspirin</Name>
        <Price>8.25</Price>
        <Producer>Central Pharma</Producer>
        <BestBefore>2024-07-10</BestBefore>
      </Medicine>
    </Medicines>
  </Patient>
  <Patient Gender="male">
    <Name>Todor Aleksandrov</Name>
    <AgeGroup>Adult</AgeGroup>
    <Medicines>
      <Medicine>
        <Name>Alprazolam</Name>
        <Price>23.50</Price>
        <Producer>GeneriCare Pharmaceuticals</Producer>
        <BestBefore>2025-04-18</BestBefore>
      </Medicine>
    </Medicines>
  </Patient>
  <Patient Gender="female">
    <Name>Tsvetelina Mihaylova</Name>
    <AgeGroup>Senior</AgeGroup>
    <Medicines>
      <Medicine>
        <Name>Aspirin</Name>
        <Price>8.25</Price>
        <Producer>Central Pharma</Producer>
        <BestBefore>2024-07-10</BestBefore>
      </Medicine>
    </Medicines>
  </Patient>
  <Patient Gender="female">
    <Name>Valentina Tsvetkova</Name>
    <AgeGroup>Senior</AgeGroup>
    <Medicines>
      <Medicine>
        <Name>Azithromycin</Name>
        <Price>18.20</Price>
        <Producer>GeneriCare Pharmaceuticals</Producer>
        <BestBefore>2024-06-20</BestBefore>
      </Medicine>
    </Medicines>
  </Patient>
  <Patient Gender="male">
    <Name>Valeri Terziev</Name>
    <AgeGroup>Adult</AgeGroup>
    <Medicines>
      <Medicine>
        <Name>Oxazepam</Name>
        <Price>22.75</Price>
        <Producer>NextGen Pharma</Producer>
        <BestBefore>2023-01-15</BestBefore>
      </Medicine>
    </Medicines>
  </Patient>
  <Patient Gender="female">
    <Name>Violeta Georgieva</Name>
    <AgeGroup>Child</AgeGroup>
    <Medicines>
      <Medicine>
        <Name>Erythromycin</Name>
        <Price>16.85</Price>
        <Producer>GeneriCare Pharmaceuticals</Producer>
        <BestBefore>2024-06-10</BestBefore>
      </Medicine>
    </Medicines>
  </Patient>
</Patients>